"ID","Ja_Anteil","Gemeinde"
1,,"Aeugst am Albis ZH"
2,,"Affoltern am Albis ZH"
3,,"Bonstetten ZH"
4,,"Hausen am Albis ZH"
5,,"Hedingen ZH"
6,,"Kappel am Albis ZH"
7,,"Knonau ZH"
8,,"Maschwanden ZH"
9,,"Mettmenstetten ZH"
10,,"Obfelden ZH"
11,,"Ottenbach ZH"
12,,"Rifferswil ZH"
13,,"Stallikon ZH"
14,,"Wettswil am Albis ZH"
21,,"Adlikon ZH"
22,,"Benken ZH"
23,,"Berg am Irchel ZH"
24,,"Buch am Irchel ZH"
25,,"Dachsen ZH"
26,,"Dorf ZH"
27,,"Feuerthalen ZH"
28,,"Flaach ZH"
29,,"Flurlingen ZH"
30,,"Andelfingen ZH"
31,,"Henggart ZH"
32,,"Humlikon ZH"
33,,"Kleinandelfingen ZH"
34,,"Laufen-Uhwiesen ZH"
35,,"Marthalen ZH"
37,,"Ossingen ZH"
38,,"Rheinau ZH"
39,,"Thalheim an der Thur ZH"
40,,"Trüllikon ZH"
41,,"Truttikon ZH"
43,,"Volken ZH"
51,,"Bachenbülach ZH"
52,,"Bassersdorf ZH"
53,,"Bülach ZH"
54,,"Dietlikon ZH"
55,,"Eglisau ZH"
56,,"Embrach ZH"
57,,"Freienstein-Teufen ZH"
58,,"Glattfelden ZH"
59,,"Hochfelden ZH"
60,,"Höri ZH"
61,,"Hüntwangen ZH"
62,,"Kloten ZH"
63,,"Lufingen ZH"
64,,"Nürensdorf ZH"
65,,"Oberembrach ZH"
66,,"Opfikon ZH"
67,,"Rafz ZH"
68,,"Rorbas ZH"
69,,"Wallisellen ZH"
70,,"Wasterkingen ZH"
71,,"Wil ZH"
72,,"Winkel ZH"
81,,"Bachs ZH"
82,,"Boppelsen ZH"
83,,"Buchs ZH"
84,,"Dällikon ZH"
85,,"Dänikon ZH"
86,,"Dielsdorf ZH"
87,,"Hüttikon ZH"
88,,"Neerach ZH"
89,,"Niederglatt ZH"
90,,"Niederhasli ZH"
91,,"Niederweningen ZH"
92,,"Oberglatt ZH"
93,,"Oberweningen ZH"
94,,"Otelfingen ZH"
95,,"Regensberg ZH"
96,,"Regensdorf ZH"
97,,"Rümlang ZH"
98,,"Schleinikon ZH"
99,,"Schöfflisdorf ZH"
100,,"Stadel ZH"
101,,"Steinmaur ZH"
102,,"Weiach ZH"
111,,"Bäretswil ZH"
112,,"Bubikon ZH"
113,,"Dürnten ZH"
114,,"Fischenthal ZH"
115,,"Gossau ZH"
116,,"Grüningen ZH"
117,,"Hinwil ZH"
118,,"Rüti ZH"
119,,"Seegräben ZH"
120,,"Wald ZH"
121,,"Wetzikon ZH"
131,,"Adliswil ZH"
135,,"Kilchberg ZH"
136,,"Langnau am Albis ZH"
137,,"Oberrieden ZH"
138,,"Richterswil ZH"
139,,"Rüschlikon ZH"
141,,"Thalwil ZH"
151,,"Erlenbach ZH"
152,,"Herrliberg ZH"
153,,"Hombrechtikon ZH"
154,,"Küsnacht ZH"
155,,"Männedorf ZH"
156,,"Meilen ZH"
157,,"Oetwil am See ZH"
158,,"Stäfa ZH"
159,,"Uetikon am See ZH"
160,,"Zumikon ZH"
161,,"Zollikon ZH"
172,,"Fehraltorf ZH"
173,,"Hittnau ZH"
176,,"Lindau ZH"
177,,"Pfäffikon ZH"
178,,"Russikon ZH"
180,,"Weisslingen ZH"
181,,"Wila ZH"
182,,"Wildberg ZH"
191,,"Dübendorf ZH"
192,,"Egg ZH"
193,,"Fällanden ZH"
194,,"Greifensee ZH"
195,,"Maur ZH"
196,,"Mönchaltorf ZH"
197,,"Schwerzenbach ZH"
198,,"Uster ZH"
199,,"Volketswil ZH"
200,57.28531856,"Wangen-Brüttisellen ZH"
211,45.333333333,"Altikon ZH"
213,54.388297872,"Brütten ZH"
214,50.132625995,"Dägerlen ZH"
215,56.551724138,"Dättlikon ZH"
216,45.797598628,"Dinhard ZH"
218,47.674418605,"Ellikon an der Thur ZH"
219,54.694621696,"Elsau ZH"
220,44.561403509,"Hagenbuch ZH"
221,53.389830508,"Hettlingen ZH"
223,53.471118177,"Neftenbach ZH"
224,54.232283465,"Pfungen ZH"
225,55.09202454,"Rickenbach ZH"
226,55.793991416,"Schlatt ZH"
227,52.284674484,"Seuzach ZH"
228,45.342126958,"Turbenthal ZH"
230,69.482984084,"Winterthur ZH"
231,53.262316911,"Zell ZH"
241,53.771760155,"Aesch ZH"
242,56.377952756,"Birmensdorf ZH"
243,58.829084042,"Dietikon ZH"
244,49.141824752,"Geroldswil ZH"
245,61.620897522,"Oberengstringen ZH"
246,50.396825397,"Oetwil an der Limmat ZH"
247,61.806830701,"Schlieren ZH"
248,61.02425876,"Uitikon ZH"
249,57.240704501,"Unterengstringen ZH"
250,55.914396887,"Urdorf ZH"
251,53.621908127,"Weiningen ZH"
261,76.735986614,"Zürich ZH"
292,51.677148847,"Stammheim ZH"
293,58.679567445,"Wädenswil ZH"
294,53.608247423,"Elgg ZH"
295,61.182740244,"Horgen ZH"
296,56.748329621,"Illnau-Effretikon ZH"
297,41.12961622,"Bauma ZH"
298,50.707338638,"Wiesendangen ZH"
301,56.844380403,"Aarberg BE"
302,54.678362573,"Bargen BE"
303,59.51417004,"Grossaffoltern BE"
304,44.132653061,"Kallnach BE"
305,52.619589977,"Kappelen BE"
306,57.899830632,"Lyss BE"
307,60.237388724,"Meikirch BE"
309,58.695652174,"Radelfingen BE"
310,53.074027604,"Rapperswil BE"
311,56.234718826,"Schüpfen BE"
312,52.879078695,"Seedorf BE"
321,52.873563218,"Aarwangen BE"
322,41.353383459,"Auswil BE"
323,51.308900524,"Bannwil BE"
324,49.122807018,"Bleienbach BE"
325,39.705882353,"Busswil bei Melchnau BE"
326,42.926829268,"Gondiswil BE"
329,63.498263889,"Langenthal BE"
331,50.98934551,"Lotzwil BE"
332,43.562439497,"Madiswil BE"
333,46.721311475,"Melchnau BE"
334,48.54368932,"Obersteckholz BE"
335,28.787878788,"Oeschenbach BE"
336,20,"Reisiswil BE"
337,54.52775073,"Roggwil BE"
338,45.918367347,"Rohrbach BE"
339,21.641791045,"Rohrbachgraben BE"
340,47.852760736,"Rütschelen BE"
341,51.298701299,"Schwarzhäusern BE"
342,45.984455959,"Thunstetten BE"
344,45.982142857,"Ursenbach BE"
345,47.564469914,"Wynau BE"
351,81.167565088,"Bern BE"
352,65.533596838,"Bolligen BE"
353,69.763513514,"Bremgarten bei Bern BE"
354,64.665653495,"Kirchlindach BE"
355,69.283961633,"Köniz BE"
356,67.337855023,"Muri bei Bern BE"
357,40,"Oberbalm BE"
358,63.495145631,"Stettlen BE"
359,60.846560847,"Vechigen BE"
360,66.830735576,"Wohlen bei Bern BE"
361,63.697318008,"Zollikofen BE"
362,62.1421679,"Ittigen BE"
363,63.831891224,"Ostermundigen BE"
371,72.425093633,"Biel BE"
372,70.422535211,"Leubringen BE"
381,47.572815534,"Arch BE"
382,54.444444444,"Büetigen BE"
383,54.957805907,"Büren an der Aare BE"
385,49.659863946,"Diessbach bei Büren BE"
386,55.106888361,"Dotzigen BE"
387,49.151027703,"Lengnau BE"
388,50.337837838,"Leuzigen BE"
390,51.715686275,"Meinisberg BE"
391,57.471264368,"Oberwil bei Büren BE"
392,51.048088779,"Pieterlen BE"
393,51.741293532,"Rüti bei Büren BE"
394,41.104294479,"Wengi BE"
401,43.73088685,"Aefligen BE"
402,52.150537634,"Alchenstorf BE"
403,58.914728682,"Bäriswil BE"
404,65.186574943,"Burgdorf BE"
405,51.734104046,"Ersigen BE"
406,47.869674185,"Hasle bei Burgdorf BE"
407,42.016806723,"Heimiswil BE"
409,57.103448276,"Hindelbank BE"
410,53.521126761,"Höchstetten BE"
411,49.056603774,"Kernenried BE"
412,57.319223986,"Kirchberg BE"
413,54.457050243,"Koppigen BE"
414,51.988636364,"Krauchthal BE"
415,52.643678161,"Lyssach BE"
416,52.173913043,"Mötschwil BE"
418,44.460227273,"Oberburg BE"
420,49.455337691,"Rüdtligen-Alchenflüh BE"
421,47.058823529,"Rumendingen BE"
423,30.864197531,"Willadingen BE"
424,45.428973277,"Wynigen BE"
431,59.403669725,"Corgémont BE"
432,63.779527559,"Cormoret BE"
433,55.555555556,"Cortébert BE"
434,66.753926702,"Courtelary BE"
435,60.62992126,"La Ferrière BE"
437,44.444444444,"Mont-Tramelan BE"
438,55.813953488,"Orvin BE"
441,65.065502183,"Renan BE"
442,52.542372881,"Romont BE"
443,66.738660907,"St. Immer BE"
444,52.722772277,"Sonceboz-Sombeval BE"
445,59.143968872,"Sonvilier BE"
446,56.169111303,"Tramelan BE"
448,64.730290456,"Villeret BE"
449,61.502347418,"Sauge BE"
450,63.197969543,"Péry-La Heutte BE"
491,50,"Brüttelen BE"
492,66.666666667,"Erlach BE"
493,52.98013245,"Finsterhennen BE"
494,59.683794466,"Gals BE"
495,46.953405018,"Gampelen BE"
496,60.434782609,"Ins BE"
497,46.913580247,"Lüscherz BE"
498,45.174537988,"Müntschemier BE"
499,47.058823529,"Siselen BE"
500,44.594594595,"Treiten BE"
501,55.704697987,"Tschugg BE"
502,52.599388379,"Vinelz BE"
533,60.899315738,"Bätterkinden BE"
536,51.315789474,"Diemerswil BE"
538,57.479387515,"Fraubrunnen BE"
540,60.531400966,"Jegenstorf BE"
541,58.518518519,"Iffwil BE"
543,55.445544554,"Mattstetten BE"
544,58.103130755,"Moosseedorf BE"
546,63.51758794,"Münchenbuchsee BE"
551,56.296800545,"Urtenen-Schönbühl BE"
552,57.285714286,"Utzenstorf BE"
553,47.222222222,"Wiggiswil BE"
554,57.086614173,"Wiler bei Utzenstorf BE"
556,44.594594595,"Zielebach BE"
557,55.50660793,"Zuzwil BE"
561,23.682008368,"Adelboden BE"
562,41.838134431,"Aeschi bei Spiez BE"
563,32.46097337,"Frutigen BE"
564,34.920634921,"Kandergrund BE"
565,47.883597884,"Kandersteg BE"
566,48.626373626,"Krattigen BE"
567,36.994818653,"Reichenbach im Kandertal BE"
571,42.857142857,"Beatenberg BE"
572,49.562682216,"Bönigen BE"
573,48.602150538,"Brienz BE"
574,47.586206897,"Brienzwiler BE"
575,46.913580247,"Därligen BE"
576,38.339438339,"Grindelwald BE"
577,37.398373984,"Gsteigwiler BE"
578,36.61971831,"Gündlischwand BE"
579,21.212121212,"Habkern BE"
580,38.036809816,"Hofstetten bei Brienz BE"
581,56.404657933,"Interlaken BE"
582,43.220338983,"Iseltwald BE"
584,46.41509434,"Lauterbrunnen BE"
585,50.931677019,"Leissigen BE"
586,25.806451613,"Lütschental BE"
587,53.575025176,"Matten bei Interlaken BE"
588,51.612903226,"Niederried bei Interlaken BE"
589,40.845070423,"Oberried am Brienzersee BE"
590,51.390922401,"Ringgenberg BE"
591,29.62962963,"Saxeten BE"
592,55.555555556,"Schwanden bei Brienz BE"
593,56.238698011,"Unterseen BE"
594,45.772594752,"Wilderswil BE"
602,41.634241245,"Arni BE"
603,54.884547069,"Biglen BE"
605,46.458923513,"Bowil BE"
606,47.428571429,"Brenzikofen BE"
607,39.393939394,"Freimettigen BE"
608,52.635228849,"Grosshöchstetten BE"
609,36.144578313,"Häutligen BE"
610,36.756756757,"Herbligen BE"
611,50.328947368,"Kiesen BE"
612,55.357142857,"Konolfingen BE"
613,34.507042254,"Landiswil BE"
614,34.501347709,"Linden BE"
615,43.209876543,"Mirchel BE"
616,61.236595939,"Münsingen BE"
617,49.537037037,"Niederhünigen BE"
619,44.551002616,"Oberdiessbach BE"
620,45.360824742,"Oberthal BE"
622,60.101010101,"Oppligen BE"
623,63.019250253,"Rubigen BE"
626,48.744769874,"Walkringen BE"
627,60.584144645,"Worb BE"
628,49.656750572,"Zäziwil BE"
629,37.777777778,"Oberhünigen BE"
630,56.302521008,"Allmendingen BE"
632,51.307692308,"Wichtrach BE"
662,47.347740668,"Ferenbalm BE"
663,55.387931034,"Frauenkappelen BE"
665,48.360655738,"Gurbrü BE"
666,51.111111111,"Kriechenwil BE"
667,63.78968254,"Laupen BE"
668,50.141110066,"Mühleberg BE"
669,52.604166667,"Münchenwiler BE"
670,54.849068722,"Neuenegg BE"
671,48.372093023,"Wileroltigen BE"
681,70.967741935,"Belprahon BE"
683,21.538461538,"Champoz BE"
687,44.642857143,"Corcelles BE"
690,45.697329377,"Court BE"
691,58.333333333,"Crémines BE"
692,61.538461538,"Eschert BE"
694,50,"Grandval BE"
696,51.764705882,"Loveresse BE"
700,67.064739158,"Moutier BE"
701,48.837209302,"Perrefitte BE"
703,51.313485114,"Reconvilier BE"
704,29.411764706,"Roches BE"
706,49.681528662,"Saicourt BE"
707,38.181818182,"Saules BE"
708,73.684210526,"Schelten BE"
709,15.789473684,"Seehof BE"
711,52.941176471,"Sorvilier BE"
713,59.93883792,"Tavannes BE"
715,50,"Rebévelier BE"
716,52.032520325,"Petit-Val BE"
717,53.488372093,"Valbirse BE"
723,75.570342205,"Neuenstadt BE"
724,58.373205742,"Nods BE"
726,66.807313643,"Plateau de Diesse BE"
731,52.36294896,"Aegerten BE"
732,58.365019011,"Bellmund BE"
733,62.548262548,"Brügg BE"
734,61.184210526,"Bühl BE"
735,48.387096774,"Epsach BE"
736,52.898550725,"Hagneck BE"
737,51.25,"Hermrigen BE"
738,52.941176471,"Jens BE"
739,64.054927302,"Ipsach BE"
740,61.538461538,"Ligerz BE"
741,57.419354839,"Merzligen BE"
742,52.61627907,"Mörigen BE"
743,69.221556886,"Nidau BE"
744,51.574212894,"Orpund BE"
745,60.982142857,"Port BE"
746,46.829268293,"Safnern BE"
747,54.901960784,"Scheuren BE"
748,54.45026178,"Schwadernau BE"
749,52.580195258,"Studen BE"
750,58.700696056,"Sutz-Lattrigen BE"
751,56.13660619,"Täuffelen BE"
754,50.46728972,"Walperswil BE"
755,49.363507779,"Worben BE"
756,66.281755196,"Twann-Tüscherz BE"
761,27.467811159,"Därstetten BE"
762,36.96369637,"Diemtigen BE"
763,40.829694323,"Erlenbach im Simmental BE"
766,26.056338028,"Oberwil im Simmental BE"
767,37.113402062,"Reutigen BE"
768,53.07875895,"Spiez BE"
769,39.452054795,"Wimmis BE"
770,36.101083032,"Stocken-Höfen BE"
782,53.333333333,"Guttannen BE"
783,44.590163934,"Hasliberg BE"
784,42.124542125,"Innertkirchen BE"
785,50.206782465,"Meiringen BE"
786,43.307086614,"Schattenhalb BE"
791,34.353741497,"Boltigen BE"
792,39.765100671,"Lenk BE"
793,26.868686869,"St. Stephan BE"
794,43.47826087,"Zweisimmen BE"
841,55.450236967,"Gsteig BE"
842,38.42364532,"Lauenen BE"
843,44.275774826,"Saanen BE"
852,33.157894737,"Guggisberg BE"
853,45.305164319,"Rüschegg BE"
855,56.093489149,"Schwarzenburg BE"
861,55.610561056,"Belp BE"
863,46.223564955,"Burgistein BE"
866,51.150895141,"Gerzensee BE"
867,42.435424354,"Gurzelen BE"
868,53.76344086,"Jaberg BE"
869,61.951219512,"Kaufdorf BE"
870,63.183673469,"Kehrsatz BE"
872,53.06122449,"Kirchdorf BE"
879,45.336787565,"Riggisberg BE"
880,42.026266417,"Rüeggisberg BE"
881,51.773049645,"Rümligen BE"
883,51.515151515,"Seftigen BE"
884,54.691075515,"Toffen BE"
885,48.680738786,"Uttigen BE"
886,40.14084507,"Wattenwil BE"
888,50.883392226,"Wald BE"
889,58.379888268,"Thurnen BE"
901,32.897196262,"Eggiwil BE"
902,55.605048255,"Langnau im Emmental BE"
903,40.552995392,"Lauperswil BE"
904,27.304964539,"Röthenbach im Emmental BE"
905,47.643979058,"Rüderswil BE"
906,24.899598394,"Schangnau BE"
907,38.800489596,"Signau BE"
908,47.590361446,"Trub BE"
909,45.118733509,"Trubschachen BE"
921,52.851711027,"Amsoldingen BE"
922,33.153638814,"Blumenstein BE"
923,27.966101695,"Buchholterberg BE"
924,26.900584795,"Eriz BE"
925,35.57312253,"Fahrni BE"
927,46.634615385,"Heiligenschwendi BE"
928,44.559303591,"Heimberg BE"
929,58.740790355,"Hilterfingen BE"
931,25.333333333,"Homberg BE"
932,37.704918033,"Horrenbach-Buchen BE"
934,58.26446281,"Oberhofen am Thunersee BE"
935,20.661157025,"Oberlangenegg BE"
936,37.5,"Pohlern BE"
938,43.990665111,"Sigriswil BE"
939,51.390834501,"Steffisburg BE"
940,25.396825397,"Teuffenthal BE"
941,41.361916772,"Thierachern BE"
942,59.196336239,"Thun BE"
943,38.29787234,"Uebeschi BE"
944,46.474358974,"Uetendorf BE"
945,33.333333333,"Unterlangenegg BE"
946,22.857142857,"Wachseldorn BE"
947,40.860215054,"Zwieselberg BE"
948,45.736434109,"Forst-Längenbühl BE"
951,39.882697947,"Affoltern im Emmental BE"
952,35.689045936,"Dürrenroth BE"
953,41.558441558,"Eriswil BE"
954,49.13552705,"Huttwil BE"
955,45.036319613,"Lützelflüh BE"
956,40.473738414,"Rüegsau BE"
957,49.70544919,"Sumiswald BE"
958,42.148760331,"Trachselwald BE"
959,44.705882353,"Walterswil BE"
960,35.576923077,"Wyssachen BE"
971,54.398148148,"Attiswil BE"
972,45.833333333,"Berken BE"
973,48.945147679,"Bettenhausen BE"
975,55.223880597,"Farnern BE"
976,45.744680851,"Graben BE"
977,50.993377483,"Heimenhausen BE"
979,61.355406105,"Herzogenbuchsee BE"
980,47.317073171,"Inkwil BE"
981,48.440748441,"Niederbipp BE"
982,51.97740113,"Niederönz BE"
983,47.181628392,"Oberbipp BE"
985,38.219895288,"Ochlenberg BE"
987,43.529411765,"Rumisberg BE"
988,50.499001996,"Seeberg BE"
989,45.398773006,"Thörigen BE"
990,58.571428571,"Walliswil bei Niederbipp BE"
991,43.75,"Walliswil bei Wangen BE"
992,47.840531561,"Wangen an der Aare BE"
993,50.819672131,"Wangenried BE"
995,50.961538462,"Wiedlisbach BE"
1001,45.701357466,"Doppleschwand LU"
1002,43.428571429,"Entlebuch LU"
1004,43.853211009,"Flühli LU"
1005,41.535433071,"Hasle LU"
1007,44.382022472,"Romoos LU"
1008,49.104683196,"Schüpfheim LU"
1009,39.439252336,"Werthenstein LU"
1010,42.168674699,"Escholzmatt-Marbach LU"
1021,48.467966574,"Aesch LU"
1022,49.62962963,"Altwis LU"
1023,52.620087336,"Ballwil LU"
1024,57.05061082,"Emmen LU"
1025,47.51552795,"Ermensee LU"
1026,56.390328152,"Eschenbach LU"
1030,52.477183833,"Hitzkirch LU"
1031,62.018189693,"Hochdorf LU"
1032,49.77443609,"Hohenrain LU"
1033,56.296296296,"Inwil LU"
1037,51.676300578,"Rain LU"
1039,48.669201521,"Römerswil LU"
1040,58.339920949,"Rothenburg LU"
1041,47.058823529,"Schongau LU"
1051,65.602471679,"Adligenswil LU"
1052,61.053984576,"Buchrain LU"
1053,56.825396825,"Dierikon LU"
1054,58.170961659,"Ebikon LU"
1055,55.85106383,"Gisikon LU"
1056,52.127659574,"Greppen LU"
1057,55.172413793,"Honau LU"
1058,62.311989686,"Horw LU"
1059,64.58197043,"Kriens LU"
1061,71.95208186,"Luzern LU"
1062,55.942028986,"Malters LU"
1063,60.063447303,"Meggen LU"
1064,50.985915493,"Meierskappel LU"
1065,57.936507937,"Root LU"
1066,47.8,"Schwarzenberg LU"
1067,55.297157623,"Udligenswil LU"
1068,63.118811881,"Vitznau LU"
1069,56.101190476,"Weggis LU"
1081,53.545673077,"Beromünster LU"
1082,50,"Büron LU"
1083,51.379310345,"Buttisholz LU"
1084,52.983725136,"Eich LU"
1085,58.075040783,"Geuensee LU"
1086,47.172236504,"Grosswangen LU"
1088,55.040871935,"Hildisrieden LU"
1089,56.678700361,"Knutwil LU"
1091,57.857142857,"Mauensee LU"
1093,52.833078101,"Neuenkirch LU"
1094,56.601941748,"Nottwil LU"
1095,63.808237677,"Oberkirch LU"
1097,46.21309371,"Rickenbach LU"
1098,52.316384181,"Ruswil LU"
1099,56.155507559,"Schenkon LU"
1100,45.150501672,"Schlierbach LU"
1102,62.039660057,"Sempach LU"
1103,67.422474158,"Sursee LU"
1104,47.884416925,"Triengen LU"
1107,52.567693744,"Wolhusen LU"
1121,43.670886076,"Alberswil LU"
1122,53.497942387,"Altbüron LU"
1123,55.981941309,"Altishofen LU"
1125,50.906344411,"Dagmersellen LU"
1127,62.666666667,"Egolzwil LU"
1128,50.374812594,"Ettiswil LU"
1129,42.931937173,"Fischbach LU"
1130,41.276595745,"Gettnau LU"
1131,43.891402715,"Grossdietwil LU"
1132,32.648870637,"Hergiswil bei Willisau LU"
1135,43.81270903,"Luthern LU"
1136,44.760479042,"Menznau LU"
1137,51.618705036,"Nebikon LU"
1139,44.410413476,"Pfaffnau LU"
1140,53.068105192,"Reiden LU"
1142,45.142857143,"Roggliswil LU"
1143,54.917127072,"Schötz LU"
1145,36.607142857,"Ufhusen LU"
1146,52.713178295,"Wauwil LU"
1147,47.692307692,"Wikon LU"
1150,47.2,"Zell LU"
1151,52.183600713,"Willisau LU"
1201,58.748977923,"Altdorf UR"
1202,56.785714286,"Andermatt UR"
1203,33.03030303,"Attinghausen UR"
1204,41.509433962,"Bauen UR"
1205,45.372460497,"Bürglen UR"
1206,46.777777778,"Erstfeld UR"
1207,50.222222222,"Flüelen UR"
1208,42.391304348,"Göschenen UR"
1209,46.315789474,"Gurtnellen UR"
1210,18.181818182,"Hospental UR"
1211,47.222222222,"Isenthal UR"
1212,53.703703704,"Realp UR"
1213,45.881447267,"Schattdorf UR"
1214,42.934782609,"Seedorf UR"
1215,48.863636364,"Seelisberg UR"
1216,40.314136126,"Silenen UR"
1217,40,"Sisikon UR"
1218,21.656050955,"Spiringen UR"
1219,28.025477707,"Unterschächen UR"
1220,31.64556962,"Wassen UR"
1301,45.868824532,"Einsiedeln SZ"
1311,49.924585219,"Gersau SZ"
1321,48.50882532,"Feusisberg SZ"
1322,52.672395724,"Freienbach SZ"
1323,50.697471665,"Wollerau SZ"
1331,53.528965343,"Küssnacht SZ"
1341,50.576441103,"Altendorf SZ"
1342,44.889615699,"Galgenen SZ"
1343,43.529411765,"Innerthal SZ"
1344,58.852755194,"Lachen SZ"
1345,45.784695201,"Reichenburg SZ"
1346,45.887662989,"Schübelbach SZ"
1347,45.325443787,"Tuggen SZ"
1348,32.258064516,"Vorderthal SZ"
1349,49.173553719,"Wangen SZ"
1361,26.086956522,"Alpthal SZ"
1362,48.974358974,"Arth SZ"
1363,25.482625483,"Illgau SZ"
1364,54.605626034,"Ingenbohl SZ"
1365,33.150684932,"Lauerz SZ"
1366,51.910828025,"Morschach SZ"
1367,27.367506516,"Muotathal SZ"
1368,37.060702875,"Oberiberg SZ"
1369,34.782608696,"Riemenstalden SZ"
1370,29.458598726,"Rothenthurm SZ"
1371,37.837837838,"Sattel SZ"
1372,50.793996084,"Schwyz SZ"
1373,48.14471243,"Steinen SZ"
1374,30.795847751,"Steinerberg SZ"
1375,23.110465116,"Unteriberg SZ"
1401,49.177718833,"Alpnach OW"
1402,50.260869565,"Engelberg OW"
1403,47.75862069,"Giswil OW"
1404,48.149905123,"Kerns OW"
1405,48.330683625,"Lungern OW"
1406,55.635648755,"Sachseln OW"
1407,52.895289529,"Sarnen OW"
1501,48.52398524,"Beckenried NW"
1502,48.653846154,"Buochs NW"
1503,43.050847458,"Dallenwil NW"
1504,39.830508475,"Emmetten NW"
1505,48.803191489,"Ennetbürgen NW"
1506,46.204620462,"Ennetmoos NW"
1507,53.362979433,"Hergiswil NW"
1508,48.810754912,"Oberdorf NW"
1509,60,"Stans NW"
1510,53.753753754,"Stansstad NW"
1511,43.346007605,"Wolfenschiessen NW"
1630,50.126368997,"Glarus Nord GL"
1631,47.928286853,"Glarus Süd GL"
1632,56.212121212,"Glarus GL"
1701,58.724727838,"Baar ZG"
1702,61.270536692,"Cham ZG"
1703,59.3340418,"Hünenberg ZG"
1704,53.420669578,"Menzingen ZG"
1705,50.9375,"Neuheim ZG"
1706,48.846836192,"Oberägeri ZG"
1707,53.298739807,"Risch ZG"
1708,61.330935252,"Steinhausen ZG"
1709,53.937168503,"Unterägeri ZG"
1710,51.156336725,"Walchwil ZG"
1711,63.685821149,"Zug ZG"
2008,73.529411765,"Châtillon FR"
2009,61.212121212,"Cheiry FR"
2011,68.780487805,"Cugy FR"
2016,73.06122449,"Fétigny FR"
2022,57.261410788,"Gletterens FR"
2025,56.834532374,"Lully FR"
2027,68.14159292,"Ménières FR"
2029,64.503816794,"Montagny FR"
2035,70.114942529,"Nuvilly FR"
2038,75,"Prévondavaux FR"
2041,70.491803279,"Saint-Aubin FR"
2043,79.104477612,"Sévaz FR"
2044,65.416666667,"Surpierre FR"
2045,64.761904762,"Vallon FR"
2050,64.814814815,"Les Montets FR"
2051,63.879598662,"Delley-Portalban FR"
2053,66.122840691,"Belmont-Broye FR"
2054,69.800569801,"Estavayer FR"
2055,64.08839779,"Cheyres-Châbles FR"
2061,74.358974359,"Auboranges FR"
2063,66.5,"Billens-Hennens FR"
2066,60.465116279,"Chapelle (Glâne) FR"
2067,61.643835616,"Le Châtelard FR"
2068,72.340425532,"Châtonnaye FR"
2072,84.444444444,"Ecublens FR"
2079,57.692307692,"Grangettes FR"
2086,59.2,"Massonnens FR"
2087,67.315175097,"Mézières FR"
2089,73.913043478,"Montet (Glâne) FR"
2096,69.841269841,"Romont FR"
2097,68.450704225,"Rue FR"
2099,65.806451613,"Siviriez FR"
2102,66.3507109,"Ursy FR"
2113,62.343096234,"Vuisternens-devant-Romont FR"
2114,57.86163522,"Villorsonnens FR"
2115,63.08411215,"Torny FR"
2117,69.318181818,"Villaz FR"
2121,61.829652997,"Haut-Intyamon FR"
2122,71.100917431,"Pont-en-Ogoz FR"
2123,57.342657343,"Botterens FR"
2124,67.209775967,"Broc FR"
2125,73.871051945,"Bulle FR"
2128,63.01369863,"Châtel-sur-Montsalvens FR"
2129,57.487922705,"Corbières FR"
2130,65.517241379,"Crésuz FR"
2131,70.526315789,"Echarlens FR"
2134,68.253968254,"Grandvillard FR"
2135,72.146118721,"Greyerz FR"
2137,64.566929134,"Hauteville FR"
2138,30.322580645,"Jaun FR"
2140,74.238875878,"Marsens FR"
2143,61.688311688,"Morlon FR"
2145,67.108753316,"Le Pâquier FR"
2147,60.689655172,"Pont-la-Ville FR"
2148,69.169329073,"Riaz FR"
2149,56.637168142,"La Roche FR"
2152,67.532467532,"Sâles FR"
2153,70.325203252,"Sorens FR"
2155,65.198237885,"Vaulruz FR"
2160,65.317919075,"Vuadens FR"
2162,62.92834891,"Bas-Intyamon FR"
2163,63.349917081,"Val-de-Charmey FR"
2171,75.354107649,"Arconciel FR"
2173,73.519163763,"Autigny FR"
2174,74.645030426,"Avry FR"
2175,73.032069971,"Belfaux FR"
2177,75.333333333,"Chénens FR"
2183,73.292682927,"Corminboeuf FR"
2186,69.482288828,"Cottens FR"
2189,70.050761421,"Ependes FR"
2194,63.076923077,"Ferpicloz FR"
2196,78.398085906,"Freiburg FR"
2197,73.214285714,"Givisiez FR"
2198,73.432343234,"Granges-Paccot FR"
2200,63.776493256,"Grolley FR"
2206,73.928215354,"Marly FR"
2208,77.594339623,"Matran FR"
2211,75.223880597,"Neyruz FR"
2216,71.428571429,"Pierrafortscha FR"
2217,63.01369863,"Ponthaux FR"
2220,62.972972973,"Le Mouret FR"
2225,62.686567164,"Senèdes FR"
2226,69.554455446,"Treyvaux FR"
2228,76.80788897,"Villars-sur-Glâne FR"
2230,61.764705882,"Villarsel-sur-Marly FR"
2233,71.838111298,"Hauterive FR"
2234,67.708333333,"La Brillaz FR"
2235,78.671328671,"La Sonnaz FR"
2236,73.555070883,"Gibloux FR"
2237,71.754385965,"Prez FR"
2250,59.036144578,"Gurwolf FR"
2254,64.5943098,"Courtepin FR"
2257,63.970588235,"Cressier FR"
2258,53.801169591,"Fräschels FR"
2259,57.5,"Galmiz FR"
2260,50,"Gempenach FR"
2261,71.641791045,"Greng FR"
2262,55.385996409,"Gurmels FR"
2265,56.395348837,"Kerzers FR"
2266,65.909090909,"Kleinbösingen FR"
2271,64.777327935,"Merlach FR"
2272,70.523415978,"Misery-Courtion FR"
2274,67.123287671,"Muntelier FR"
2275,63.363863447,"Murten FR"
2276,59.88700565,"Ried bei Kerzers FR"
2278,51.079136691,"Ulmiz FR"
2284,65.996343693,"Mont-Vully FR"
2291,60,"Alterswil FR"
2292,52.866242038,"Brünisried FR"
2293,62.295081967,"Düdingen FR"
2294,57.803468208,"Giffers FR"
2295,57.768508863,"Bösingen FR"
2296,55.191256831,"Heitenried FR"
2299,53.06122449,"Plaffeien FR"
2300,55.450236967,"Plasselb FR"
2301,54.325259516,"Rechthalten FR"
2302,56.684491979,"St. Antoni FR"
2303,41.791044776,"St. Silvester FR"
2304,65.789473684,"St. Ursen FR"
2305,61.116111611,"Schmitten FR"
2306,60.939289805,"Tafers FR"
2307,56.37755102,"Tentlingen FR"
2308,52.266288952,"Ueberstorf FR"
2309,61.958146487,"Wünnewil-Flamatt FR"
2321,73.195876289,"Attalens FR"
2323,74.930362117,"Bossonnens FR"
2325,74.114244396,"Châtel-Saint-Denis FR"
2328,70.512820513,"Granges (Veveyse) FR"
2333,76.752767528,"Remaufens FR"
2335,69.74789916,"Saint-Martin FR"
2336,68.358208955,"Semsales FR"
2337,67.028985507,"Le Flon FR"
2338,69.06779661,"La Verrerie FR"
2401,47.579529737,"Egerkingen SO"
2402,49.523809524,"Härkingen SO"
2403,54.982817869,"Kestenholz SO"
2404,54.006968641,"Neuendorf SO"
2405,49.392712551,"Niederbuchsiten SO"
2406,49.482401656,"Oberbuchsiten SO"
2407,48.905109489,"Oensingen SO"
2408,55.41958042,"Wolfwil SO"
2421,32.786885246,"Aedermannsdorf SO"
2422,51.298190401,"Balsthal SO"
2423,37.931034483,"Gänsbrunnen SO"
2424,48.936170213,"Herbetswil SO"
2425,48.275862069,"Holderbank SO"
2426,50.877192982,"Laupersdorf SO"
2427,47.074468085,"Matzendorf SO"
2428,50.071530758,"Mümliswil-Ramiswil SO"
2429,45.686900958,"Welschenrohr SO"
2445,57.798165138,"Biezwil SO"
2455,58.9958159,"Lüterkofen-Ichertswil SO"
2456,50,"Lüterswil-Gächliwil SO"
2457,57.10955711,"Messen SO"
2461,55.454545455,"Schnottwil SO"
2463,59.420289855,"Unterramsern SO"
2464,68.144044321,"Lüsslingen-Nennigkofen SO"
2465,57.091775924,"Buchegg SO"
2471,62.328767123,"Bättwil SO"
2472,58.483754513,"Büren SO"
2473,65.463631316,"Dornach SO"
2474,64.335664336,"Gempen SO"
2475,59.292035398,"Hochwald SO"
2476,58.698940998,"Hofstetten-Flüh SO"
2477,53.992395437,"Metzerlen-Mariastein SO"
2478,56.316916488,"Nuglar-St. Pantaleon SO"
2479,73.663366337,"Rodersdorf SO"
2480,58.947368421,"Seewen SO"
2481,65.356265356,"Witterswil SO"
2491,55.555555556,"Hauenstein-Ifenthal SO"
2492,42.028985507,"Kienberg SO"
2493,55.304928989,"Lostorf SO"
2495,50.62713797,"Niedergösgen SO"
2497,54.582484725,"Obergösgen SO"
2498,58.823529412,"Rohr SO"
2499,47.105263158,"Stüsslingen SO"
2500,58.860759494,"Trimbach SO"
2501,55.846774194,"Winznau SO"
2502,47.899159664,"Wisen SO"
2503,55.970149254,"Erlinsbach SO"
2511,58.354114713,"Aeschi SO"
2513,62.072336266,"Biberist SO"
2514,57.386363636,"Bolken SO"
2516,55.209953344,"Deitingen SO"
2517,56.363636364,"Derendingen SO"
2518,57.391304348,"Etziken SO"
2519,58.021712907,"Gerlafingen SO"
2520,52.808988764,"Halten SO"
2523,55.072463768,"Horriwil SO"
2524,61.111111111,"Hüniken SO"
2525,51.226158038,"Kriegstetten SO"
2526,61.803444782,"Lohn-Ammannsegg SO"
2527,61.617312073,"Luterbach SO"
2528,57.142857143,"Obergerlafingen SO"
2529,61.732851986,"Oekingen SO"
2530,53.053435115,"Recherswil SO"
2532,55.368693402,"Subingen SO"
2534,65.708418891,"Zuchwil SO"
2535,51.792828685,"Drei Höfe SO"
2541,58.695652174,"Balm bei Günsberg SO"
2542,55.025125628,"Bellach SO"
2543,53.014184397,"Bettlach SO"
2544,56.235827664,"Feldbrunnen-St. Niklaus SO"
2545,48.727272727,"Flumenthal SO"
2546,54.347826087,"Grenchen SO"
2547,54.469273743,"Günsberg SO"
2548,64.285714286,"Hubersdorf SO"
2549,70.588235294,"Kammersrohr SO"
2550,66.755319149,"Langendorf SO"
2551,59.217877095,"Lommiswil SO"
2553,67.218543046,"Oberdorf SO"
2554,54.769230769,"Riedholz SO"
2555,64.63654224,"Rüttenen SO"
2556,52.272727273,"Selzach SO"
2571,51.282051282,"Boningen SO"
2572,47.769784173,"Däniken SO"
2573,52.508751459,"Dulliken SO"
2574,41.772151899,"Eppenberg-Wöschnau SO"
2575,51.991150442,"Fulenbach SO"
2576,56.042296073,"Gretzenbach SO"
2578,54.447439353,"Gunzgen SO"
2579,62.658227848,"Hägendorf SO"
2580,57.559681698,"Kappel SO"
2581,71.440501044,"Olten SO"
2582,47.463768116,"Rickenbach SO"
2583,60,"Schönenwerd SO"
2584,65.816326531,"Starrkirch-Wil SO"
2585,50,"Walterswil SO"
2586,45.438748914,"Wangen bei Olten SO"
2601,74.297188755,"Solothurn SO"
2611,55.652173913,"Bärschwil SO"
2612,53.164556962,"Beinwil SO"
2613,57.040572792,"Breitenbach SO"
2614,50.572519084,"Büsserach SO"
2615,55.752212389,"Erschwil SO"
2616,48.648648649,"Fehren SO"
2617,46.808510638,"Grindel SO"
2618,56.85483871,"Himmelried SO"
2619,54.62962963,"Kleinlützel SO"
2620,54.651162791,"Meltingen SO"
2621,47.683397683,"Nunningen SO"
2622,45.132743363,"Zullwil SO"
2701,73.325166179,"Basel BS"
2702,51.963048499,"Bettingen BS"
2703,61.48960739,"Riehen BS"
2761,61.318051576,"Aesch BL"
2762,64.632653061,"Allschwil BL"
2763,68.364418938,"Arlesheim BL"
2764,59.230769231,"Biel-Benken BL"
2765,65.333632891,"Binningen BL"
2766,66.309117504,"Birsfelden BL"
2767,62.394014963,"Bottmingen BL"
2768,60.727969349,"Ettingen BL"
2769,66.302548825,"Münchenstein BL"
2770,61.370449679,"Muttenz BL"
2771,64.683888511,"Oberwil BL"
2772,54.145728643,"Pfeffingen BL"
2773,62.312252964,"Reinach BL"
2774,60.041407867,"Schönenbuch BL"
2775,64.802631579,"Therwil BL"
2781,54,"Blauen BL"
2782,49.014084507,"Brislach BL"
2783,62.65060241,"Burg im Leimental BL"
2784,58.988764045,"Dittingen BL"
2785,55.911330049,"Duggingen BL"
2786,51.470588235,"Grellingen BL"
2787,61.821835231,"Laufen BL"
2788,45.423728814,"Liesberg BL"
2789,38.461538462,"Nenzlingen BL"
2790,54.455445545,"Roggenburg BL"
2791,56.360946746,"Röschenz BL"
2792,49.530956848,"Wahlen BL"
2793,54.937163375,"Zwingen BL"
2821,47.806004619,"Arisdorf BL"
2822,61.83745583,"Augst BL"
2823,56.508183944,"Bubendorf BL"
2824,62.51788269,"Frenkendorf BL"
2825,56.359875905,"Füllinsdorf BL"
2826,47.569444444,"Giebenach BL"
2827,59.836065574,"Hersberg BL"
2828,58.385579937,"Lausen BL"
2829,64.617940199,"Liestal BL"
2830,56.340956341,"Lupsingen BL"
2831,61.758691207,"Pratteln BL"
2832,54.732510288,"Ramlinsburg BL"
2833,52.129471891,"Seltisberg BL"
2834,57.210031348,"Ziefen BL"
2841,48.61878453,"Anwil BL"
2842,50.333333333,"Böckten BL"
2843,54.807692308,"Buckten BL"
2844,52.430555556,"Buus BL"
2845,48,"Diepflingen BL"
2846,62.80384398,"Gelterkinden BL"
2847,45.283018868,"Häfelfingen BL"
2848,47.191011236,"Hemmiken BL"
2849,55.992844365,"Itingen BL"
2850,51.851851852,"Känerkinden BL"
2851,54.794520548,"Kilchberg BL"
2852,45.303867403,"Läufelfingen BL"
2853,57.760814249,"Maisprach BL"
2854,60.215053763,"Nusshof BL"
2855,58.974358974,"Oltingen BL"
2856,54.385964912,"Ormalingen BL"
2857,53.333333333,"Rickenbach BL"
2858,58.333333333,"Rothenfluh BL"
2859,43.689320388,"Rümlingen BL"
2860,57.092198582,"Rünenberg BL"
2861,61.564461613,"Sissach BL"
2862,51.533742331,"Tecknau BL"
2863,58.951965066,"Tenniken BL"
2864,46.04519774,"Thürnen BL"
2865,50.190114068,"Wenslingen BL"
2866,45.893719807,"Wintersingen BL"
2867,50.675675676,"Wittinsburg BL"
2868,60.43956044,"Zeglingen BL"
2869,54.363376252,"Zunzgen BL"
2881,41.54589372,"Arboldswil BL"
2882,51.704545455,"Bennwil BL"
2883,40.825688073,"Bretzwil BL"
2884,52.654867257,"Diegten BL"
2885,43.75,"Eptingen BL"
2886,52.261306533,"Hölstein BL"
2887,48.837209302,"Lampenberg BL"
2888,53.820598007,"Langenbruck BL"
2889,55.319148936,"Lauwil BL"
2890,43.859649123,"Liedertswil BL"
2891,46.927374302,"Niederdorf BL"
2892,50.165562914,"Oberdorf BL"
2893,52.643171806,"Reigoldswil BL"
2894,44.776119403,"Titterten BL"
2895,46.268656716,"Waldenburg BL"
2901,37.931034483,"Gächlingen SH"
2903,43.84,"Löhningen SH"
2904,55.393586006,"Neunkirch SH"
2914,57.978723404,"Büttenhardt SH"
2915,46.913580247,"Dörflingen SH"
2917,42.382271468,"Lohn SH"
2919,53.996447602,"Stetten SH"
2920,45.73283859,"Thayngen SH"
2931,47.552447552,"Bargen SH"
2932,49.14893617,"Beringen SH"
2933,53.811659193,"Buchberg SH"
2936,44.050632911,"Merishausen SH"
2937,56.170828809,"Neuhausen am Rheinfall SH"
2938,48.25,"Rüdlingen SH"
2939,63.599271403,"Schaffhausen SH"
2951,32.01754386,"Beggingen SH"
2952,37.841726619,"Schleitheim SH"
2953,47.237569061,"Siblingen SH"
2961,48.717948718,"Buch SH"
2962,47.663551402,"Hemishofen SH"
2963,41.393442623,"Ramsen SH"
2964,55.976676385,"Stein am Rhein SH"
2971,42.027334852,"Hallau SH"
2972,35.820895522,"Oberhallau SH"
2973,37.795275591,"Trasadingen SH"
2974,45.93175853,"Wilchingen SH"
3001,49.006444683,"Herisau AR"
3002,31.330472103,"Hundwil AR"
3003,31.875,"Schönengrund AR"
3004,40.08908686,"Schwellbrunn AR"
3005,52.380952381,"Stein AR"
3006,36.894824708,"Urnäsch AR"
3007,42.105263158,"Waldstatt AR"
3021,47.404063205,"Bühler AR"
3022,54.64362851,"Gais AR"
3023,57.977207977,"Speicher AR"
3024,57.967479675,"Teufen AR"
3025,65.841584158,"Trogen AR"
3031,44.482758621,"Grub AR"
3032,50.529100529,"Heiden AR"
3033,42.735042735,"Lutzenberg AR"
3034,60.034013605,"Rehetobel AR"
3035,45.412844037,"Reute AR"
3036,56.862745098,"Wald AR"
3037,49.260042283,"Walzenhausen AR"
3038,46.420824295,"Wolfhalden AR"
3101,49.195402299,"Appenzell AI"
3102,35.127478754,"Gonten AI"
3103,43.899782135,"Rüte AI"
3104,43.014705882,"Schlatt-Haslen AI"
3105,43.486973948,"Schwende AI"
3111,47.027972028,"Oberegg AI"
3201,49.539170507,"Häggenschwil SG"
3202,53.50877193,"Muolen SG"
3203,69.204587108,"St. Gallen SG"
3204,53.974706414,"Wittenbach SG"
3211,55.363321799,"Berg SG"
3212,53.468208092,"Eggersriet SG"
3213,53.090262339,"Goldach SG"
3214,53.464624362,"Mörschwil SG"
3215,63.246661982,"Rorschach SG"
3216,50.914285714,"Rorschacherberg SG"
3217,53.980099502,"Steinach SG"
3218,64.720812183,"Tübach SG"
3219,57.530120482,"Untereggen SG"
3231,53.485064011,"Au SG"
3232,53.737541528,"Balgach SG"
3233,50.839091807,"Berneck SG"
3234,54.996299038,"Diepoldsau SG"
3235,48.873239437,"Rheineck SG"
3236,48.236632537,"St. Margrethen SG"
3237,48.85583524,"Thal SG"
3238,54.536340852,"Widnau SG"
3251,49.044585987,"Altstätten SG"
3252,41.071428571,"Eichberg SG"
3253,59.537572254,"Marbach SG"
3254,44.694694695,"Oberriet SG"
3255,49.6,"Rebstein SG"
3256,48.526522593,"Rüthi SG"
3271,51.425030979,"Buchs SG"
3272,49.940828402,"Gams SG"
3273,50.392817059,"Grabs SG"
3274,50.899280576,"Sennwald SG"
3275,49.620253165,"Sevelen SG"
3276,47.192982456,"Wartau SG"
3291,52.95735901,"Bad Ragaz SG"
3292,40.22517912,"Flums SG"
3293,43.765774861,"Mels SG"
3294,45.145631068,"Pfäfers SG"
3295,40.389972145,"Quarten SG"
3296,58.443465492,"Sargans SG"
3297,47.611464968,"Vilters-Wangs SG"
3298,50.424929178,"Walenstadt SG"
3311,46.23015873,"Amden SG"
3312,43.558282209,"Benken SG"
3313,44.07735697,"Kaltbrunn SG"
3315,43.055555556,"Schänis SG"
3316,57.053941909,"Weesen SG"
3338,53.212121212,"Schmerikon SG"
3339,56.102941176,"Uznach SG"
3340,63.203895617,"Rapperswil-Jona SG"
3341,45.562543676,"Gommiswald SG"
3342,48.723315195,"Eschenbach SG"
3352,49.170124481,"Ebnat-Kappel SG"
3359,44.444444444,"Wildhaus-Alt St. Johann SG"
3360,44.476190476,"Nesslau SG"
3372,46.850393701,"Hemberg SG"
3374,57.692307692,"Lichtensteig SG"
3375,54.957507082,"Oberhelfenschwil SG"
3378,45.84139265,"Neckertal SG"
3379,53.071833648,"Wattwil SG"
3392,50.650702759,"Kirchberg SG"
3393,44.717444717,"Lütisburg SG"
3394,41.961852861,"Mosnang SG"
3395,43.552519214,"Bütschwil-Ganterschwil SG"
3401,50.802644004,"Degersheim SG"
3402,55.245384962,"Flawil SG"
3405,49.417475728,"Jonschwil SG"
3407,52.661239825,"Oberuzwil SG"
3408,56.4521992,"Uzwil SG"
3422,37.246049661,"Niederbüren SG"
3423,51.207729469,"Niederhelfenschwil SG"
3424,45.663716814,"Oberbüren SG"
3426,53.439888812,"Zuzwil SG"
3427,58.290370863,"Wil SG"
3441,56.486042693,"Andwil SG"
3442,56.072144289,"Gaiserwald SG"
3443,55.371727749,"Gossau SG"
3444,46.961325967,"Waldkirch SG"
3506,58.490566038,"Vaz/Obervaz GR"
3513,53.543307087,"Lantsch/Lenz GR"
3514,55.555555556,"Schmitten GR"
3542,50.37037037,"Albula/Alvra GR"
3543,57.852882704,"Surses GR"
3544,49.612403101,"Bergün Filisur GR"
3551,52.346570397,"Brusio GR"
3561,57.302231237,"Poschiavo GR"
3572,51.231527094,"Falera GR"
3575,56.286266925,"Laax GR"
3581,68.421052632,"Sagogn GR"
3582,57.843137255,"Schluein GR"
3603,64.566929134,"Vals GR"
3618,53.084415584,"Lumnezia GR"
3619,55.114503817,"Ilanz/Glion GR"
3633,51.685393258,"Fürstenau GR"
3637,42.465753425,"Rothenbrunnen GR"
3638,53.237410072,"Scharans GR"
3640,53.240740741,"Sils im Domleschg GR"
3661,50.730688935,"Cazis GR"
3662,57.303370787,"Flerden GR"
3663,62.406015038,"Masein GR"
3668,57.092198582,"Thusis GR"
3669,59.183673469,"Tschappina GR"
3670,41.26984127,"Urmein GR"
3672,52.881355932,"Safiental GR"
3673,60.252365931,"Domleschg GR"
3681,45,"Avers GR"
3695,46.666666667,"Sufers GR"
3701,58.167330677,"Andeer GR"
3703,45,"Casti-Wergenstein GR"
3705,52.272727273,"Donat GR"
3707,77.272727273,"Lohn GR"
3708,61.904761905,"Mathon GR"
3711,68,"Rongellen GR"
3712,39.423076923,"Zillis-Reischen GR"
3713,50,"Ferrera GR"
3714,53.179190751,"Rheinwald GR"
3721,58.704453441,"Bonaduz GR"
3722,61.184625079,"Domat/Ems GR"
3723,61.093247588,"Rhäzüns GR"
3731,63.255813953,"Felsberg GR"
3732,60.945273632,"Flims GR"
3733,65.015479876,"Tamins GR"
3734,66.259168704,"Trin GR"
3746,48.792270531,"Zernez GR"
3752,52.212389381,"Samnaun GR"
3762,67.28515625,"Scuol GR"
3764,65.921787709,"Valsot GR"
3781,61.875,"Bever GR"
3782,60.058309038,"Celerina/Schlarigna GR"
3783,60,"Madulain GR"
3784,59.6069869,"Pontresina GR"
3785,50.909090909,"La Punt-Chamues-ch GR"
3786,61.384615385,"Samedan GR"
3787,59.157894737,"St. Moritz GR"
3788,61.267605634,"S-chanf GR"
3789,72.297297297,"Sils im Engadin/Segl GR"
3790,69.506726457,"Silvaplana GR"
3791,56.457564576,"Zuoz GR"
3792,62.469733656,"Bregaglia GR"
3804,75.862068966,"Buseno GR"
3805,70.930232558,"Castaneda GR"
3808,49.122807018,"Rossa GR"
3810,78.260869565,"Santa Maria in Calanca GR"
3821,59.872611465,"Lostallo GR"
3822,65.040650407,"Mesocco GR"
3823,66.265060241,"Soazza GR"
3831,46.835443038,"Cama GR"
3832,68.312757202,"Grono GR"
3834,63.235294118,"Roveredo GR"
3835,63.5,"San Vittore GR"
3837,64.285714286,"Calanca GR"
3847,55.061728395,"Val Müstair GR"
3851,60.142095915,"Davos GR"
3861,56.164383562,"Fideris GR"
3862,29.090909091,"Furna GR"
3863,46.428571429,"Jenaz GR"
3871,48.646125117,"Klosters-Serneus GR"
3881,53.846153846,"Conters im Prättigau GR"
3882,40.963855422,"Küblis GR"
3891,40.769230769,"Luzein GR"
3901,65.262831126,"Chur GR"
3911,54.109589041,"Churwalden GR"
3921,55.568581477,"Arosa GR"
3932,48.75,"Tschiertschen-Praden GR"
3941,63.066202091,"Haldenstein GR"
3945,50.85995086,"Trimmis GR"
3946,57.117117117,"Untervaz GR"
3947,53,"Zizers GR"
3951,53.497942387,"Fläsch GR"
3952,52.755905512,"Jenins GR"
3953,54.830917874,"Maienfeld GR"
3954,64.136125654,"Malans GR"
3955,54.88301119,"Landquart GR"
3961,48.230912477,"Grüsch GR"
3962,46.434494196,"Schiers GR"
3972,48.571428571,"Seewis im Prättigau GR"
3981,61.428571429,"Breil/Brigels GR"
3982,56.790123457,"Disentis/Mustér GR"
3983,65.217391304,"Medel (Lucmagn) GR"
3985,44.262295082,"Sumvitg GR"
3986,60.465116279,"Tujetsch GR"
3987,61.506276151,"Trun GR"
3988,50.482315113,"Obersaxen Mundaun GR"
4001,69.111424542,"Aarau AG"
4002,59.36329588,"Biberstein AG"
4003,60.506180106,"Buchs AG"
4004,48.878923767,"Densbüren AG"
4005,54.972592013,"Erlinsbach AG"
4006,50.859291085,"Gränichen AG"
4007,47.018348624,"Hirschthal AG"
4008,62.205882353,"Küttigen AG"
4009,47.1875,"Muhen AG"
4010,48.137535817,"Oberentfelden AG"
4012,61.906893465,"Suhr AG"
4013,54.911131899,"Unterentfelden AG"
4021,72.741679873,"Baden AG"
4022,53.100775194,"Bellikon AG"
4023,57.936507937,"Bergdietikon AG"
4024,53.253796095,"Birmenstorf AG"
4026,75.692099932,"Ennetbaden AG"
4027,61.178369653,"Fislisbach AG"
4028,65.337423313,"Freienwil AG"
4029,57.478465153,"Gebenstorf AG"
4030,56.643356643,"Killwangen AG"
4031,49.772727273,"Künten AG"
4032,47.974413646,"Mägenwil AG"
4033,53.359298929,"Mellingen AG"
4034,56.845238095,"Neuenhof AG"
4035,59.527972028,"Niederrohrdorf AG"
4037,61.872146119,"Oberrohrdorf AG"
4038,63.580827068,"Obersiggenthal AG"
4039,53.516295026,"Remetschwil AG"
4040,58.50451931,"Spreitenbach AG"
4041,54.853273138,"Stetten AG"
4042,63.071297989,"Turgi AG"
4044,58.376511226,"Untersiggenthal AG"
4045,62.925115759,"Wettingen AG"
4046,51.193633952,"Wohlenschwil AG"
4047,53.634751773,"Würenlingen AG"
4048,56.228373702,"Würenlos AG"
4049,51.512800621,"Ehrendingen AG"
4061,57.19237435,"Arni AG"
4062,54.901960784,"Berikon AG"
4063,62.2,"Bremgarten AG"
4064,52.054794521,"Büttikon AG"
4065,52.186588921,"Dottikon AG"
4066,54.87012987,"Eggenwil AG"
4067,46.361185984,"Fischbach-Göslikon AG"
4068,51.490066225,"Hägglingen AG"
4071,58.669001751,"Jonen AG"
4072,50.80763583,"Niederwil AG"
4073,57.142857143,"Oberlunkhofen AG"
4074,54.512635379,"Oberwil-Lieli AG"
4075,60.083594566,"Rudolfstetten-Friedlisberg AG"
4076,45.942028986,"Sarmenstorf AG"
4077,48.680351906,"Tägerig AG"
4078,55.454545455,"Uezwil AG"
4079,51.93236715,"Unterlunkhofen AG"
4080,46.359223301,"Villmergen AG"
4081,52.426343154,"Widen AG"
4082,55.934674832,"Wohlen AG"
4083,51.70407315,"Zufikon AG"
4084,58.673469388,"Islisberg AG"
4091,55.020080321,"Auenstein AG"
4092,46.153846154,"Birr AG"
4093,48,"Birrhard AG"
4094,53.731343284,"Bözen AG"
4095,62.817551963,"Brugg AG"
4096,47.204968944,"Effingen AG"
4097,54.022988506,"Elfingen AG"
4099,48.02259887,"Habsburg AG"
4100,56.792873051,"Hausen AG"
4104,48.803827751,"Lupfig AG"
4105,42.156862745,"Mandach AG"
4106,43.243243243,"Mönthal AG"
4107,55.263157895,"Mülligen AG"
4110,52.298850575,"Remigen AG"
4111,56.148491879,"Riniken AG"
4112,57.034220532,"Rüfenach AG"
4117,45.669291339,"Thalheim AG"
4120,54.255319149,"Veltheim AG"
4121,50.932835821,"Villigen AG"
4122,52.991452991,"Villnachern AG"
4123,67.338282078,"Windisch AG"
4124,52.866242038,"Bözberg AG"
4125,52.167414051,"Schinznach AG"
4131,54.675467547,"Beinwil am See AG"
4132,45.953002611,"Birrwil AG"
4133,45.098039216,"Burg AG"
4134,29.261363636,"Dürrenäsch AG"
4135,29.820627803,"Gontenschwil AG"
4136,38.853503185,"Holziken AG"
4137,41.6,"Leimbach AG"
4138,39.834024896,"Leutwil AG"
4139,49.24774323,"Menziken AG"
4140,42.8802589,"Oberkulm AG"
4141,42.679127726,"Reinach AG"
4142,29.353233831,"Schlossrued AG"
4143,32.525951557,"Schmiedrued AG"
4144,48.284960422,"Schöftland AG"
4145,48.167539267,"Teufenthal AG"
4146,50.838926174,"Unterkulm AG"
4147,35.537190083,"Zetzwil AG"
4161,54.545454545,"Eiken AG"
4163,54.836131095,"Frick AG"
4164,56.701030928,"Gansingen AG"
4165,58.88568684,"Gipf-Oberfrick AG"
4166,49.759615385,"Herznach AG"
4167,52.173913043,"Hornussen AG"
4169,57.262103506,"Kaisten AG"
4170,53.340517241,"Laufenburg AG"
4172,51.219512195,"Münchwilen AG"
4173,46.583850932,"Oberhof AG"
4175,51.476793249,"Oeschgen AG"
4176,50,"Schwaderloch AG"
4177,51.219512195,"Sisseln AG"
4179,54.748603352,"Ueken AG"
4181,49.883449883,"Wittnau AG"
4182,43.75,"Wölflinswil AG"
4183,53.043478261,"Zeihen AG"
4184,51.361161525,"Mettauertal AG"
4191,52.747252747,"Ammerswil AG"
4192,52.631578947,"Boniswil AG"
4193,48.75,"Brunegg AG"
4194,47.967479675,"Dintikon AG"
4195,47.95640327,"Egliswil AG"
4196,54.567901235,"Fahrwangen AG"
4197,34.463276836,"Hallwil AG"
4198,48.031496063,"Hendschiken AG"
4199,38.738738739,"Holderbank AG"
4200,50.744047619,"Hunzenschwil AG"
4201,68.857247171,"Lenzburg AG"
4202,50,"Meisterschwanden AG"
4203,55.36159601,"Möriken-Wildegg AG"
4204,61.636556854,"Niederlenz AG"
4205,51.462994836,"Othmarsingen AG"
4206,50.126368997,"Rupperswil AG"
4207,53.949129853,"Schafisheim AG"
4208,50.632911392,"Seengen AG"
4209,54.471544715,"Seon AG"
4210,60.418562329,"Staufen AG"
4221,46.052631579,"Abtwil AG"
4222,51.975683891,"Aristau AG"
4223,50,"Auw AG"
4224,42.465753425,"Beinwil (Freiamt) AG"
4226,47.290640394,"Besenbüren AG"
4227,35.227272727,"Bettwil AG"
4228,42.195540309,"Boswil AG"
4229,51.798561151,"Bünzen AG"
4230,45.806451613,"Buttwil AG"
4231,44.444444444,"Dietwil AG"
4232,50,"Geltwil AG"
4233,54.736842105,"Kallern AG"
4234,52.886836028,"Merenschwand AG"
4235,48.846153846,"Mühlau AG"
4236,55.040091638,"Muri AG"
4237,52.873563218,"Oberrüti AG"
4238,54.910714286,"Rottenschwil AG"
4239,49.357601713,"Sins AG"
4240,52.724594993,"Waltenschwil AG"
4251,50.934579439,"Hellikon AG"
4252,60.680529301,"Kaiseraugst AG"
4253,61.918063315,"Magden AG"
4254,57.668118045,"Möhlin AG"
4255,56.451612903,"Mumpf AG"
4256,60.62992126,"Obermumpf AG"
4257,55.072463768,"Olsberg AG"
4258,63.89380531,"Rheinfelden AG"
4259,54.98392283,"Schupfart AG"
4260,57.172131148,"Stein AG"
4261,56.484641638,"Wallbach AG"
4262,48.4375,"Wegenstetten AG"
4263,59.334565619,"Zeiningen AG"
4264,48.684210526,"Zuzgen AG"
4271,56.507936508,"Aarburg AG"
4273,47.058823529,"Bottenwil AG"
4274,49.229188078,"Brittnau AG"
4275,38.697318008,"Kirchleerau AG"
4276,47.283702213,"Kölliken AG"
4277,38.888888889,"Moosleerau AG"
4279,41.652613828,"Murgenthal AG"
4280,52.598950882,"Oftringen AG"
4281,33.928571429,"Reitnau AG"
4282,46.401985112,"Rothrist AG"
4283,45.816186557,"Safenwil AG"
4284,45.578231293,"Staffelbach AG"
4285,49.904397706,"Strengelbach AG"
4286,40.294117647,"Uerkheim AG"
4287,45.557655955,"Vordemwald AG"
4288,41.176470588,"Wiliberg AG"
4289,59.75505554,"Zofingen AG"
4301,70.886075949,"Baldingen AG"
4302,42.307692308,"Böbikon AG"
4303,49.44598338,"Böttstein AG"
4304,52.727272727,"Döttingen AG"
4305,59.76845152,"Endingen AG"
4306,46.601941748,"Fisibach AG"
4307,52.43902439,"Full-Reuenthal AG"
4308,64.814814815,"Kaiserstuhl AG"
4309,55.200945626,"Klingnau AG"
4310,51.330798479,"Koblenz AG"
4311,37.716262976,"Leibstadt AG"
4312,52.214765101,"Lengnau AG"
4313,50.256410256,"Leuggern AG"
4314,62.5,"Mellikon AG"
4315,44.117647059,"Rekingen AG"
4316,52.985074627,"Rietheim AG"
4317,45.833333333,"Rümikon AG"
4318,48.319327731,"Schneisingen AG"
4319,45.806451613,"Siglistorf AG"
4320,53.225806452,"Tegerfelden AG"
4322,53.571428571,"Wislikofen AG"
4323,59.433962264,"Bad Zurzach AG"
4401,54.982685648,"Arbon TG"
4406,27.753303965,"Dozwil TG"
4411,46.40625,"Egnach TG"
4416,45.55984556,"Hefenhofen TG"
4421,59.970238095,"Horn TG"
4426,53.697749196,"Kesswil TG"
4431,52.427184466,"Roggwil TG"
4436,53.69011653,"Romanshorn TG"
4441,51.219512195,"Salmsach TG"
4446,46.451612903,"Sommeri TG"
4451,53.815261044,"Uttwil TG"
4461,48.054219502,"Amriswil TG"
4471,47.155105222,"Bischofszell TG"
4476,42.877492877,"Erlen TG"
4486,36.923076923,"Hauptwil-Gottshaus TG"
4495,46.052631579,"Hohentannen TG"
4501,46.542553191,"Kradolf-Schönenberg TG"
4506,41.431924883,"Sulgen TG"
4511,42.125237192,"Zihlschlacht-Sitterdorf TG"
4536,48.106904232,"Basadingen-Schlattingen TG"
4545,56.073619632,"Diessenhofen TG"
4546,43.737166324,"Schlatt TG"
4551,50.605449041,"Aadorf TG"
4561,45.077720207,"Felben-Wellhausen TG"
4566,59.397049391,"Frauenfeld TG"
4571,52.255639098,"Gachnang TG"
4590,48,"Hüttlingen TG"
4591,48.672566372,"Matzingen TG"
4601,46.127946128,"Neunforn TG"
4606,56.359102244,"Stettfurt TG"
4611,45.679012346,"Thundorf TG"
4616,51.265822785,"Uesslingen-Buch TG"
4621,50.117096019,"Warth-Weiningen TG"
4641,58.424908425,"Altnau TG"
4643,59.284497445,"Bottighofen TG"
4646,50.464807437,"Ermatingen TG"
4651,55.434782609,"Gottlieben TG"
4656,50.636132316,"Güttingen TG"
4666,45.328719723,"Kemmental TG"
4671,60.860280659,"Kreuzlingen TG"
4681,44.262295082,"Langrickenbach TG"
4683,54.093567251,"Lengwil TG"
4691,54.519774011,"Münsterlingen TG"
4696,55.781448539,"Tägerwilen TG"
4701,40.684410646,"Wäldi TG"
4711,41.238670695,"Affeltrangen TG"
4716,44.444444444,"Bettwiesen TG"
4721,54.946727549,"Bichelsee-Balterswil TG"
4723,48.684210526,"Braunau TG"
4724,51.721170396,"Eschlikon TG"
4726,47.460087083,"Fischingen TG"
4741,38.507462687,"Lommis TG"
4746,50.471293916,"Münchwilen TG"
4751,46.723044397,"Rickenbach TG"
4756,44.019138756,"Schönholzerswilen TG"
4761,48.214285714,"Sirnach TG"
4776,44.444444444,"Tobel-Tägerschen TG"
4781,46.272727273,"Wängi TG"
4786,58.132045089,"Wilen TG"
4791,44.660194175,"Wuppenau TG"
4801,55.789473684,"Berlingen TG"
4806,51.422319475,"Eschenz TG"
4811,55,"Herdern TG"
4816,42.465753425,"Homburg TG"
4821,52.141527002,"Hüttwilen TG"
4826,38.167938931,"Mammern TG"
4831,44.057052298,"Müllheim TG"
4841,40.361445783,"Pfyn TG"
4846,35.483870968,"Raperswilen TG"
4851,42.12034384,"Salenstein TG"
4864,54.239256678,"Steckborn TG"
4871,50.133333333,"Wagenhausen TG"
4881,36.607142857,"Amlikon-Bissegg TG"
4891,57.593457944,"Berg TG"
4901,41.812865497,"Birwinken TG"
4911,44.476744186,"Bürglen TG"
4921,43.02134647,"Bussnang TG"
4941,52.496626181,"Märstetten TG"
4946,54.473161034,"Weinfelden TG"
4951,40.925266904,"Wigoltingen TG"
5001,67.768595041,"Arbedo-Castione TI"
5002,68.571123452,"Bellinzona TI"
5003,66.28440367,"Cadenazzo TI"
5009,57.009345794,"Isone TI"
5010,61.318681319,"Lumino TI"
5017,65.384615385,"Sant'Antonino TI"
5048,60.705882353,"Acquarossa TI"
5049,59.95423341,"Blenio TI"
5050,63.361344538,"Serravalle TI"
5061,51.716738197,"Airolo TI"
5063,60.465116279,"Bedretto TI"
5064,63.068181818,"Bodio TI"
5071,56.944444444,"Dalpe TI"
5072,65.394402036,"Faido TI"
5073,68.156424581,"Giornico TI"
5076,64.835164835,"Personico TI"
5077,60.126582278,"Pollegio TI"
5078,69.026548673,"Prato (Leventina) TI"
5079,58.992805755,"Quinto TI"
5091,67.929824561,"Ascona TI"
5095,63.461538462,"Brione (Verzasca) TI"
5096,64.285714286,"Brione sopra Minusio TI"
5097,61.320754717,"Brissago TI"
5102,80,"Corippo TI"
5105,46.875,"Frasco TI"
5108,61.033274956,"Gordola TI"
5112,68.301886792,"Lavertezzo TI"
5113,70.165912519,"Locarno TI"
5115,67.235926629,"Losone TI"
5117,68.235294118,"Mergoscia TI"
5118,68.304278922,"Minusio TI"
5120,45.625841184,"Muralto TI"
5121,62.008733624,"Orselina TI"
5125,63.212435233,"Ronco sopra Ascona TI"
5129,54.545454545,"Sonogno TI"
5131,67.35218509,"Tenero-Contra TI"
5135,57.746478873,"Vogorno TI"
5136,69.348659004,"Onsernone TI"
5138,67.52368065,"Cugnasco-Gerra TI"
5141,62.540021345,"Agno TI"
5143,67.647058824,"Aranno TI"
5144,71.378091873,"Arogno TI"
5146,72.727272727,"Astano TI"
5148,67.970660147,"Bedano TI"
5149,69.375,"Bedigliora TI"
5151,66.030534351,"Bioggio TI"
5154,66.985645933,"Bissone TI"
5160,56.849315068,"Brusino Arsizio TI"
5161,65.365853659,"Cademario TI"
5162,63.387978142,"Cadempino TI"
5167,68.037383178,"Canobbio TI"
5171,64.368932039,"Caslano TI"
5176,72.540381791,"Comano TI"
5178,64.016736402,"Croglio TI"
5180,69.078947368,"Cureglia TI"
5181,55.801104972,"Curio TI"
5186,51.960784314,"Grancia TI"
5187,65.417867435,"Gravesano TI"
5189,65.311653117,"Lamone TI"
5192,67.56675892,"Lugano TI"
5193,68.470588235,"Magliaso TI"
5194,68.62244898,"Manno TI"
5195,65.359477124,"Maroggia TI"
5196,65.469824293,"Massagno TI"
5197,64.820846906,"Melano TI"
5198,70.117647059,"Melide TI"
5199,60.589812332,"Mezzovico-Vira TI"
5200,79.487179487,"Miglieglia TI"
5202,58.653846154,"Monteggio TI"
5203,69.430051813,"Morcote TI"
5205,69.776119403,"Muzzano TI"
5206,64.705882353,"Neggio TI"
5207,67.018469657,"Novaggio TI"
5208,68.191721133,"Origlio TI"
5210,62.670713202,"Paradiso TI"
5212,68.007662835,"Ponte Capriasca TI"
5213,65.053763441,"Ponte Tresa TI"
5214,64.225941423,"Porza TI"
5216,65.633074935,"Pura TI"
5219,58.847736626,"Rovio TI"
5221,65.595463138,"Savosa TI"
5222,62.745098039,"Sessa TI"
5225,73.388773389,"Sorengo TI"
5226,67.612772428,"Capriasca TI"
5227,66.76300578,"Torricella-Taverne TI"
5230,44.444444444,"Vernate TI"
5231,69.344608879,"Vezia TI"
5233,69.565217391,"Vico Morcote TI"
5236,66.832092639,"Collina d'Oro TI"
5237,68.867924528,"Alto Malcantone TI"
5238,61.969111969,"Monteceneri TI"
5242,64.00996264,"Balerna TI"
5249,68.63823934,"Castel San Pietro TI"
5250,67.583120205,"Chiasso TI"
5251,66.753585398,"Coldrerio TI"
5254,69.817909703,"Mendrisio TI"
5257,67.926186292,"Morbio Inferiore TI"
5260,70.467836257,"Novazzano TI"
5263,68.330955777,"Riva San Vitale TI"
5266,66.512915129,"Stabio TI"
5268,69.390103567,"Vacallo TI"
5269,74.957698816,"Breggia TI"
5281,67.41363212,"Biasca TI"
5287,64.5443196,"Riviera TI"
5304,61.111111111,"Bosco/Gurin TI"
5307,77.777777778,"Campo (Vallemaggia) TI"
5309,86.666666667,"Cerentino TI"
5310,68.769716088,"Cevio TI"
5315,52.380952381,"Linescio TI"
5317,67.266775777,"Maggia TI"
5323,57.419354839,"Lavizzara TI"
5324,66.193853428,"Avegno Gordevio TI"
5396,68.897149938,"Terre di Pedemonte TI"
5397,65.634674923,"Centovalli TI"
5398,65.800865801,"Gambarogno TI"
5401,75.167785235,"Aigle VD"
5402,73.984771574,"Bex VD"
5403,69.026548673,"Chessel VD"
5404,73.493975904,"Corbeyrier VD"
5405,79.573170732,"Gryon VD"
5406,74.261603376,"Lavey-Morcles VD"
5407,84.182776801,"Leysin VD"
5408,71.541501976,"Noville VD"
5409,76.537216828,"Ollon VD"
5410,74.110032362,"Ormont-Dessous VD"
5411,80.048076923,"Ormont-Dessus VD"
5412,78.145695364,"Rennaz VD"
5413,74.267100977,"Roche VD"
5414,79.708737864,"Villeneuve VD"
5415,73.913043478,"Yvorne VD"
5421,79.613733906,"Apples VD"
5422,77.371428571,"Aubonne VD"
5423,68.711656442,"Ballens VD"
5424,68.35443038,"Berolle VD"
5425,74.655647383,"Bière VD"
5426,74.21875,"Bougy-Villars VD"
5427,83.935742972,"Féchy VD"
5428,79.198473282,"Gimel VD"
5429,85.507246377,"Longirod VD"
5430,74.647887324,"Marchissy VD"
5431,83.950617284,"Mollens VD"
5432,79.090909091,"Montherod VD"
5434,82.5,"Saint-George VD"
5435,74.879227053,"Saint-Livres VD"
5436,80.141843972,"Saint-Oyens VD"
5437,83.333333333,"Saubraz VD"
5451,70.85492228,"Avenches VD"
5456,75.39503386,"Cudrefin VD"
5458,68.03652968,"Faoug VD"
5464,70.135746606,"Vully-les-Lacs VD"
5471,83.870967742,"Bettens VD"
5472,75.438596491,"Bournens VD"
5473,79.598662207,"Boussens VD"
5474,83.448275862,"La Chaux (Cossonay) VD"
5475,72.413793103,"Chavannes-le-Veyron VD"
5476,84.112149533,"Chevilly VD"
5477,80.290644868,"Cossonay VD"
5478,80,"Cottens VD"
5479,71.428571429,"Cuarnens VD"
5480,81.18466899,"Daillens VD"
5481,85.882352941,"Dizy VD"
5482,79.943502825,"Eclépens VD"
5483,83.185840708,"Ferreyres VD"
5484,73.4375,"Gollion VD"
5485,83.333333333,"Grancy VD"
5486,78.523489933,"L'Isle VD"
5487,78.90625,"Lussery-Villars VD"
5488,68.75,"Mauraz VD"
5489,82.446808511,"Mex VD"
5490,74.590163934,"Moiry VD"
5491,77.611940299,"Mont-la-Ville VD"
5492,73.413897281,"Montricher VD"
5493,84.905660377,"Orny VD"
5494,74.213836478,"Pampigny VD"
5495,79.060913706,"Penthalaz VD"
5496,77.876106195,"Penthaz VD"
5497,74.193548387,"Pompaples VD"
5498,81.867145422,"La Sarraz VD"
5499,79.865771812,"Senarclens VD"
5500,83.098591549,"Sévery VD"
5501,81.848184818,"Sullens VD"
5503,69.470404984,"Vufflens-la-Ville VD"
5511,76.984126984,"Assens VD"
5512,78.651685393,"Bercher VD"
5513,76.666666667,"Bioley-Orjulaz VD"
5514,76.243093923,"Bottens VD"
5515,82.5,"Bretigny-sur-Morrens VD"
5516,80.769230769,"Cugy VD"
5518,75.787401575,"Echallens VD"
5520,77.480916031,"Essertines-sur-Yverdon VD"
5521,85.430463576,"Etagnières VD"
5522,75.471698113,"Fey VD"
5523,74.049586777,"Froideville VD"
5527,78.448275862,"Morrens VD"
5529,72.727272727,"Oulens-sous-Echallens VD"
5530,75.903614458,"Pailly VD"
5531,83.216783217,"Penthéréaz VD"
5533,84.046692607,"Poliez-Pittet VD"
5534,75.471698113,"Rueyres VD"
5535,75.423728814,"Saint-Barthélemy VD"
5537,71.935483871,"Villars-le-Terroir VD"
5539,74.561403509,"Vuarrens VD"
5540,73.02504817,"Montilliez VD"
5541,80.473372781,"Goumoëns VD"
5551,76.744186047,"Bonvillars VD"
5552,66.504854369,"Bullet VD"
5553,83.137254902,"Champagne VD"
5554,81.548974943,"Concise VD"
5555,83.464566929,"Corcelles-près-Concise VD"
5556,80.981595092,"Fiez VD"
5557,80.769230769,"Fontaines-sur-Grandson VD"
5559,82.608695652,"Giez VD"
5560,74.725274725,"Grandevent VD"
5561,78.571428571,"Grandson VD"
5562,60.714285714,"Mauborget VD"
5563,88.888888889,"Mutrux VD"
5564,74.358974359,"Novalles VD"
5565,77.931034483,"Onnens VD"
5566,72.972972973,"Provence VD"
5568,75.286415712,"Sainte-Croix VD"
5571,78.661087866,"Tévenon VD"
5581,83.97737983,"Belmont-sur-Lausanne VD"
5582,81.917577796,"Cheseaux-sur-Lausanne VD"
5583,79.811183733,"Crissier VD"
5584,80.974561089,"Epalinges VD"
5585,82.156133829,"Jouxtens-Mézery VD"
5586,86.348707697,"Lausanne VD"
5587,82.278481013,"Le Mont-sur-Lausanne VD"
5588,82.394366197,"Paudex VD"
5589,82.693085321,"Prilly VD"
5590,82.10957883,"Pully VD"
5591,81.371545548,"Renens VD"
5592,79.470198675,"Romanel-sur-Lausanne VD"
5601,82.035928144,"Chexbres VD"
5604,73.590982287,"Forel (Lavaux) VD"
5606,80.757006645,"Lutry VD"
5607,79.483500717,"Puidoux VD"
5609,73.684210526,"Rivaz VD"
5610,81.428571429,"Saint-Saphorin (Lavaux) VD"
5611,80.283018868,"Savigny VD"
5613,84.457964602,"Bourg-en-Lavaux VD"
5621,79.220779221,"Aclens VD"
5622,79.746835443,"Bremblens VD"
5623,70.044052863,"Buchillon VD"
5624,79.120879121,"Bussigny VD"
5625,78.343949045,"Bussy-Chardonney VD"
5627,80.160320641,"Chavannes-près-Renens VD"
5628,89.380530973,"Chigny VD"
5629,85.106382979,"Clarmont VD"
5631,82.868525896,"Denens VD"
5632,84.934497817,"Denges VD"
5633,81.586021505,"Echandens VD"
5634,77.31277533,"Echichens VD"
5635,80.599571734,"Ecublens VD"
5636,83.597883598,"Etoy VD"
5637,78.214285714,"Lavigny VD"
5638,81.5889029,"Lonay VD"
5639,85.304659498,"Lully VD"
5640,80.263157895,"Lussy-sur-Morges VD"
5642,81.762244647,"Morges VD"
5643,81.958365459,"Préverenges VD"
5644,85.606060606,"Reverolle VD"
5645,76.19047619,"Romanel-sur-Morges VD"
5646,81.558641975,"Saint-Prex VD"
5648,78.158844765,"Saint-Sulpice VD"
5649,79.668049793,"Tolochenaz VD"
5650,85.9375,"Vaux-sur-Morges VD"
5651,73.076923077,"Villars-Sainte-Croix VD"
5652,78.109452736,"Villars-sous-Yens VD"
5653,82.88590604,"Vufflens-le-Château VD"
5654,80,"Vullierens VD"
5655,83.682983683,"Yens VD"
5661,80.769230769,"Boulens VD"
5663,75.862068966,"Bussy-sur-Moudon VD"
5665,70.512820513,"Chavannes-sur-Moudon VD"
5669,78.431372549,"Curtilles VD"
5671,64.285714286,"Dompierre VD"
5673,73.275862069,"Hermenches VD"
5674,83.636363636,"Lovatens VD"
5675,76.811594203,"Lucens VD"
5678,76.101321586,"Moudon VD"
5680,77.777777778,"Ogens VD"
5683,83.333333333,"Prévonloup VD"
5684,72.413793103,"Rossenges VD"
5688,72.222222222,"Syens VD"
5690,56.41025641,"Villars-le-Comte VD"
5692,85.227272727,"Vucherens VD"
5693,71.393341554,"Montanaire VD"
5701,88.888888889,"Arnex-sur-Nyon VD"
5702,76.850605653,"Arzier-Le Muids VD"
5703,77.749360614,"Bassins VD"
5704,81.376518219,"Begnins VD"
5705,84.474885845,"Bogis-Bossey VD"
5706,78.666666667,"Borex VD"
5707,77.931034483,"Chavannes-de-Bogis VD"
5708,82.383419689,"Chavannes-des-Bois VD"
5709,77.040816327,"Chéserex VD"
5710,82.716049383,"Coinsins VD"
5711,76.183431953,"Commugny VD"
5712,74.61430575,"Coppet VD"
5713,78.156996587,"Crans-près-Céligny VD"
5714,82.44047619,"Crassier VD"
5715,80.471380471,"Duillier VD"
5716,81.074168798,"Eysins VD"
5717,79.536679537,"Founex VD"
5718,74.161073826,"Genolier VD"
5719,75.067024129,"Gingins VD"
5720,80.936454849,"Givrins VD"
5721,79.368575624,"Gland VD"
5722,78.625954198,"Grens VD"
5723,82.687927107,"Mies VD"
5724,82.837263239,"Nyon VD"
5725,82.49551167,"Prangins VD"
5726,83.687943262,"La Rippe VD"
5727,77.86259542,"Saint-Cergue VD"
5728,81.379310345,"Signy-Avenex VD"
5729,75.434243176,"Tannay VD"
5730,77.358490566,"Trélex VD"
5731,79.187817259,"Le Vaud VD"
5732,75.409836066,"Vich VD"
5741,71.875,"L'Abergement VD"
5742,78.095238095,"Agiez VD"
5743,76.237623762,"Arnex-sur-Orbe VD"
5744,72.164948454,"Ballaigues VD"
5745,80.333333333,"Baulmes VD"
5746,74.031007752,"Bavois VD"
5747,75,"Bofflens VD"
5748,75.555555556,"Bretonnières VD"
5749,77.495462795,"Chavornay VD"
5750,85.714285714,"Les Clées VD"
5752,78.518518519,"Croy VD"
5754,77.272727273,"Juriens VD"
5755,65.68627451,"Lignerolle VD"
5756,76.642335766,"Montcherand VD"
5757,80.732044199,"Orbe VD"
5758,80.357142857,"La Praz VD"
5759,80.519480519,"Premier VD"
5760,73.74301676,"Rances VD"
5761,82.558139535,"Romainmôtier-Envy VD"
5762,65,"Sergey VD"
5763,74.585635359,"Valeyres-sous-Rances VD"
5764,72.519083969,"Vallorbe VD"
5765,81.212121212,"Vaulion VD"
5766,72.789115646,"Vuiteboeuf VD"
5785,81.379310345,"Corcelles-le-Jorat VD"
5788,78.294573643,"Essertes VD"
5790,73.446327684,"Maracon VD"
5792,78.947368421,"Montpreveyres VD"
5798,73.846153846,"Ropraz VD"
5799,79.617834395,"Servion VD"
5803,77.450980392,"Vulliens VD"
5804,77.654867257,"Jorat-Menthue VD"
5805,75.15485203,"Oron VD"
5806,79.077615298,"Jorat-Mézières VD"
5812,68.888888889,"Champtauroz VD"
5813,69.090909091,"Chevroux VD"
5816,73.945783133,"Corcelles-près-Payerne VD"
5817,67.697594502,"Grandcour VD"
5819,67.123287671,"Henniez VD"
5821,80.45112782,"Missy VD"
5822,76.572008114,"Payerne VD"
5827,73.913043478,"Trey VD"
5828,56.818181818,"Treytorrens (Payerne) VD"
5830,74.820143885,"Villarzel VD"
5831,75.967174678,"Valbroye VD"
5841,71.721311475,"Château-d'Oex VD"
5842,80.740740741,"Rossinière VD"
5843,70.12987013,"Rougemont VD"
5851,85.039370079,"Allaman VD"
5852,77.181208054,"Bursinel VD"
5853,84.745762712,"Bursins VD"
5854,72.807017544,"Burtigny VD"
5855,81.215469613,"Dully VD"
5856,71.980676329,"Essertines-sur-Rolle VD"
5857,75.862068966,"Gilly VD"
5858,77.922077922,"Luins VD"
5859,79.54887218,"Mont-sur-Rolle VD"
5860,79.761904762,"Perroy VD"
5861,81.318681319,"Rolle VD"
5862,86.363636364,"Tartegnin VD"
5863,82.608695652,"Vinzel VD"
5871,66.970387244,"L'Abbaye VD"
5872,71.770334928,"Le Chenit VD"
5873,72.222222222,"Le Lieu VD"
5881,80.508006626,"Blonay VD"
5882,82.234042553,"Chardonne VD"
5883,78.61715749,"Corseaux VD"
5884,77.803738318,"Corsier-sur-Vevey VD"
5885,81.390593047,"Jongny VD"
5886,80.622058523,"Montreux VD"
5888,78.500619579,"Saint-Légier-La Chiésaz VD"
5889,82.961586121,"La Tour-de-Peilz VD"
5890,84.487246226,"Vevey VD"
5891,76.923076923,"Veytaux VD"
5902,76.530612245,"Belmont-sur-Yverdon VD"
5903,74.747474747,"Bioley-Magnoux VD"
5904,79.865771812,"Chamblon VD"
5905,76.50273224,"Champvent VD"
5907,79.487179487,"Chavannes-le-Chêne VD"
5908,78.431372549,"Chêne-Pâquier VD"
5909,75.68627451,"Cheseaux-Noréaz VD"
5910,78.321678322,"Cronay VD"
5911,73.493975904,"Cuarny VD"
5912,68.253968254,"Démoret VD"
5913,76.153846154,"Donneloye VD"
5914,85.593220339,"Ependes VD"
5919,76.878612717,"Mathod VD"
5921,69.512195122,"Molondin VD"
5922,79.910714286,"Montagny-près-Yverdon VD"
5923,65.853658537,"Oppens VD"
5924,73.75,"Orges VD"
5925,67.105263158,"Orzens VD"
5926,79.591836735,"Pomy VD"
5928,62.686567164,"Rovray VD"
5929,77.325581395,"Suchy VD"
5930,81.428571429,"Suscévaz VD"
5931,82.677165354,"Treycovagnes VD"
5932,77.027027027,"Ursins VD"
5933,75.961538462,"Valeyres-sous-Montagny VD"
5934,71.153846154,"Valeyres-sous-Ursins VD"
5935,77.5,"Villars-Epeney VD"
5937,70.731707317,"Vugelles-La Mothe VD"
5938,79.207255626,"Yverdon-les-Bains VD"
5939,77.928870293,"Yvonand VD"
6002,53.056768559,"Brig-Glis VS"
6004,45.378151261,"Eggerberg VS"
6007,45.806049267,"Naters VS"
6008,46.766917293,"Ried-Brig VS"
6009,47.863247863,"Simplon VS"
6010,54.644808743,"Termen VS"
6011,24.137931034,"Zwischbergen VS"
6021,66.666666667,"Ardon VS"
6022,62.171945701,"Chamoson VS"
6023,67.845509539,"Conthey VS"
6024,67.288135593,"Nendaz VS"
6025,66.557805356,"Vétroz VS"
6031,69.976905312,"Bagnes VS"
6032,48.979591837,"Bourg-Saint-Pierre VS"
6033,63.184079602,"Liddes VS"
6034,59.920239282,"Orsières VS"
6035,47.843137255,"Sembrancher VS"
6036,72.627737226,"Vollèges VS"
6052,47.747747748,"Bellwald VS"
6054,36.956521739,"Binn VS"
6056,63.265306122,"Ernen VS"
6057,47.325102881,"Fiesch VS"
6058,39.603960396,"Fieschertal VS"
6061,45.652173913,"Lax VS"
6076,52.293577982,"Obergoms VS"
6077,55.526992288,"Goms VS"
6082,71.833084948,"Ayent VS"
6083,53.135313531,"Evolène VS"
6084,54.174067496,"Hérémence VS"
6087,60.335195531,"Saint-Martin VS"
6089,61.658031088,"Vex VS"
6090,67.970660147,"Mont-Noble VS"
6101,52.083333333,"Agarn VS"
6102,61.728395062,"Albinen VS"
6104,33.980582524,"Ergisch VS"
6109,48.148148148,"Inden VS"
6110,54.580745342,"Leuk VS"
6111,53.113553114,"Leukerbad VS"
6112,45.454545455,"Oberems VS"
6113,48.529411765,"Salgesch VS"
6116,47.887323944,"Varen VS"
6117,41.666666667,"Guttet-Feschel VS"
6118,47.540983607,"Gampel-Bratsch VS"
6119,44.414168937,"Turtmann-Unterems VS"
6131,62.857142857,"Bovernier VS"
6132,70.737327189,"Charrat VS"
6133,62.923203964,"Fully VS"
6134,62.083333333,"Isérables VS"
6135,62.574850299,"Leytron VS"
6136,72.876774048,"Martigny VS"
6137,69.66966967,"Martigny-Combe VS"
6139,67.236842105,"Riddes VS"
6140,66.342141864,"Saillon VS"
6141,64.532434709,"Saxon VS"
6142,77.419354839,"Trient VS"
6151,66.748166259,"Champéry VS"
6152,78.084331078,"Collombey-Muraz VS"
6153,69.727177335,"Monthey VS"
6154,64.516129032,"Port-Valais VS"
6155,62.557077626,"Saint-Gingolph VS"
6156,61.786237189,"Troistorrents VS"
6157,56.94980695,"Val-d'Illiez VS"
6158,69.513991163,"Vionnaz VS"
6159,67.567567568,"Vouvry VS"
6172,50,"Bister VS"
6173,55.438596491,"Bitsch VS"
6177,64.423076923,"Grengiols VS"
6181,60.897435897,"Riederalp VS"
6191,51.351351351,"Ausserberg VS"
6192,44.852941176,"Blatten VS"
6193,51.489361702,"Bürchen VS"
6194,53.448275862,"Eischoll VS"
6195,31.683168317,"Ferden VS"
6197,47.619047619,"Kippel VS"
6198,49.173553719,"Niedergesteln VS"
6199,48.251748252,"Raron VS"
6201,54.225352113,"Unterbäch VS"
6202,46.696035242,"Wiler (Lötschen) VS"
6203,62.5,"Mörel-Filet VS"
6204,45.532646048,"Steg-Hohtenn VS"
6205,59.302325581,"Bettmeralp VS"
6211,75.369458128,"Collonges VS"
6212,68.510638298,"Dorénaz VS"
6213,68.292682927,"Evionnaz VS"
6214,65.168539326,"Finhaut VS"
6215,64.285714286,"Massongex VS"
6217,65.680473373,"Saint-Maurice VS"
6218,73.661670236,"Salvan VS"
6219,73.474178404,"Vernayaz VS"
6220,65.909090909,"Vérossaz VS"
6232,69.721936148,"Chalais VS"
6235,74.193548387,"Chippis VS"
6238,65.437788018,"Grône VS"
6239,66.25,"Icogne VS"
6240,65.483584738,"Lens VS"
6241,70.927318296,"Miège VS"
6246,64.921465969,"Saint-Léonard VS"
6248,66.999251684,"Siders VS"
6249,69.102296451,"Venthône VS"
6250,71.58218126,"Veyras VS"
6252,69.330199765,"Anniviers VS"
6253,66.32016632,"Crans-Montana VS"
6261,69.014084507,"Arbaz VS"
6263,66.213768116,"Grimisuat VS"
6265,65.477941176,"Savièse VS"
6266,67.96320922,"Sitten VS"
6267,67.768595041,"Veysonnaz VS"
6281,43.596059113,"Baltschieder VS"
6282,51.898734177,"Eisten VS"
6283,25.242718447,"Embd VS"
6285,45.110410095,"Grächen VS"
6286,45.228215768,"Lalden VS"
6287,49.206349206,"Randa VS"
6288,49.275362319,"Saas-Almagell VS"
6289,47.08994709,"Saas-Balen VS"
6290,59.135559921,"Saas-Fee VS"
6291,41.463414634,"Saas-Grund VS"
6292,35.753176044,"St. Niklaus VS"
6293,41.990291262,"Stalden VS"
6294,54.185022026,"Staldenried VS"
6295,57.647058824,"Täsch VS"
6296,42.948717949,"Törbel VS"
6297,49.921011058,"Visp VS"
6298,59.329140461,"Visperterminen VS"
6299,66.315789474,"Zeneggen VS"
6300,49.516270888,"Zermatt VS"
6404,75.887573964,"Boudry NE"
6407,75.41750167,"Corcelles-Cormondrèche NE"
6408,75.382139984,"Cortaillod NE"
6412,72.596153846,"Peseux NE"
6413,68,"Rochefort NE"
6416,74.593195266,"Milvignes NE"
6417,71.900489396,"La Grande Béroche NE"
6421,76.513596716,"La Chaux-de-Fonds NE"
6422,59.375,"Les Planchettes NE"
6423,68.611111111,"La Sagne NE"
6431,63.870967742,"Les Brenets NE"
6432,62.222222222,"La Brévine NE"
6433,56.32183908,"Brot-Plamboz NE"
6434,62.962962963,"Le Cerneux-Péquignot NE"
6435,69.811320755,"La Chaux-du-Milieu NE"
6436,71.904979443,"Le Locle NE"
6437,53.658536585,"Les Ponts-de-Martel NE"
6451,61.858190709,"Cornaux NE"
6452,72.064777328,"Cressier NE"
6453,81.25,"Enges NE"
6454,76.282782212,"Hauterive NE"
6455,70.970266041,"Le Landeron NE"
6456,73.605947955,"Lignières NE"
6458,79.927184466,"Neuenburg NE"
6459,77.50965251,"Saint-Blaise NE"
6461,72.676727562,"La Tène NE"
6485,71.653543307,"Valangin NE"
6487,70.002189621,"Val-de-Ruz NE"
6504,37.362637363,"La Côte-aux-Fées NE"
6511,59.473684211,"Les Verrières NE"
6512,66.486694948,"Val-de-Travers NE"
6601,72.680412371,"Aire-la-Ville GE"
6602,71.977240398,"Anières GE"
6603,75.714285714,"Avully GE"
6604,75.670103093,"Avusy GE"
6605,78.02359882,"Bardonnex GE"
6606,73.913043478,"Bellevue GE"
6607,76.867862969,"Bernex GE"
6608,79.564592319,"Carouge GE"
6609,73.556231003,"Cartigny GE"
6610,76.732673267,"Céligny GE"
6611,69.720101781,"Chancy GE"
6612,76.67638484,"Chêne-Bougeries GE"
6613,75.148247978,"Chêne-Bourg GE"
6614,78.729281768,"Choulex GE"
6615,78.329571106,"Collex-Bossy GE"
6616,75.22049559,"Collonge-Bellerive GE"
6617,72.984749455,"Cologny GE"
6618,78.571428571,"Confignon GE"
6619,76.672104405,"Corsier GE"
6620,72.515856237,"Dardagny GE"
6621,77.653144712,"Genf GE"
6622,72.536136662,"Genthod GE"
6623,71.2357655,"Le Grand-Saconnex GE"
6624,74.117647059,"Gy GE"
6625,75.746268657,"Hermance GE"
6626,78.590785908,"Jussy GE"
6627,77.732793522,"Laconnex GE"
6628,76.223776224,"Lancy GE"
6629,75.753012048,"Meinier GE"
6630,72.019620388,"Meyrin GE"
6631,73.548548549,"Onex GE"
6632,79.335793358,"Perly-Certoux GE"
6633,76.666666667,"Plan-les-Ouates GE"
6634,74.935400517,"Pregny-Chambésy GE"
6635,79.338842975,"Presinge GE"
6636,77.414965986,"Puplinge GE"
6637,77.956989247,"Russin GE"
6638,76.843018213,"Satigny GE"
6639,75.490196078,"Soral GE"
6640,73.601657295,"Thônex GE"
6641,81.453634085,"Troinex GE"
6642,72.8553137,"Vandoeuvres GE"
6643,72.782055574,"Vernier GE"
6644,74.639657187,"Versoix GE"
6645,76.092307692,"Veyrier GE"
6702,70.848708487,"Boécourt JU"
6703,65.853658537,"Bourrignon JU"
6704,68.152866242,"Châtillon JU"
6706,78.461538462,"Courchapoix JU"
6708,72.53164557,"Courrendlin JU"
6709,72.215709261,"Courroux JU"
6710,74.724172518,"Courtételle JU"
6711,79.805942996,"Delsberg JU"
6712,74.083129584,"Develier JU"
6713,36,"Ederswiler JU"
6715,74.725274725,"Mervelier JU"
6716,73.333333333,"Mettembert JU"
6718,56.692913386,"Movelier JU"
6719,64.666666667,"Pleigne JU"
6721,74,"Rossemaison JU"
6722,64.285714286,"Saulcy JU"
6724,65.811965812,"Soyhières JU"
6729,73.661897191,"Haute-Sorne JU"
6730,74.180327869,"Val Terbi JU"
6741,64.655172414,"Le Bémont JU"
6742,74.223602484,"Les Bois JU"
6743,75.053304904,"Les Breuleux JU"
6744,75.609756098,"La Chaux-des-Breuleux JU"
6745,66.666666667,"Les Enfers JU"
6748,80,"Les Genevez JU"
6750,77.729257642,"Lajoux JU"
6751,69.189189189,"Montfaucon JU"
6753,72,"Muriaux JU"
6754,72.323232323,"Le Noirmont JU"
6757,81.175059952,"Saignelégier JU"
6758,76.19047619,"Saint-Brais JU"
6759,69.565217391,"Soubey JU"
6771,72.727272727,"Alle JU"
6773,63.636363636,"Beurnevésin JU"
6774,67.75,"Boncourt JU"
6775,60.730593607,"Bonfol JU"
6778,63.793103448,"Bure JU"
6781,72.33201581,"Coeuve JU"
6782,69.047619048,"Cornol JU"
6783,66.666666667,"Courchavon JU"
6784,72.64957265,"Courgenay JU"
6785,76.490066225,"Courtedoux JU"
6787,68,"Damphreux JU"
6789,67.24137931,"Fahy JU"
6790,79.520295203,"Fontenais JU"
6792,73.426573427,"Grandfontaine JU"
6793,66.666666667,"Lugnez JU"
6800,76.304849885,"Pruntrut JU"
6806,62.844036697,"Vendlincourt JU"
6807,71.306818182,"Basse-Allaine JU"
6808,70.487804878,"Clos du Doubs JU"
6809,68.934240363,"Haute-Ajoie JU"
6810,62.639821029,"La Baroche JU"
